drug_id,drug_name,n_diseases,n_edges,pmid_count_sum,total_articles_sum,total_articles_median
@CHEMICAL_Prednisolone,Prednisolone,2779,2779,30148,37561,3.0
@CHEMICAL_Prednisone,Prednisone,2686,2686,27579,34764,3.0
@CHEMICAL_Methylprednisolone,Methylprednisolone,2307,2307,22133,26516,3.0
@CHEMICAL_Methotrexate,Methotrexate,2121,2121,29474,59886,4.0
@CHEMICAL_Aspirin,Aspirin,2056,2056,29078,68847,3.0
@CHEMICAL_Doxycycline,Doxycycline,1887,1887,15996,19297,3.0
@CHEMICAL_Propranolol,Propranolol,1548,1548,14413,20665,2.0
@CHEMICAL_Metformin,Metformin,1489,1489,17666,45141,3.0
@CHEMICAL_Folic_Acid,Folic Acid,1434,1434,15833,25564,3.0
@CHEMICAL_Warfarin,Warfarin,1349,1349,13888,33862,3.0
@CHEMICAL_Ciprofloxacin,Ciprofloxacin,1336,1336,12187,15966,2.0
@CHEMICAL_Valproic_Acid,Valproate,1329,1329,15658,27976,3.0
@CHEMICAL_Estradiol,Estradiol,1256,1256,17274,23921,4.0
@CHEMICAL_Trimethoprim_Sulfamethoxazole_Drug_Combination,Sulfamethoxazole,1234,1234,10947,15549,2.0
@CHEMICAL_Testosterone,Testosterone,1216,1216,17787,29226,4.0
@CHEMICAL_Thyroxine,Levothyroxine,1216,1216,10113,17445,3.0
@CHEMICAL_Acyclovir,Acyclovir,1179,1179,9471,14520,2.0
@CHEMICAL_Hydroxychloroquine,Hydroxychloroquine,1067,1067,8626,13360,2.0
@CHEMICAL_Vitamin_B_12,Cyanocobalamin,1066,1066,9083,11023,3.0
@CHEMICAL_Ibuprofen,Ibuprofen,1065,1065,8119,11754,2.0
@CHEMICAL_Simvastatin,Simvastatin,1062,1062,8417,10877,2.0
@CHEMICAL_Cholecalciferol,Cholecalciferol,1045,1045,7333,8768,2.0
@CHEMICAL_Nifedipine,Nifedipine,1029,1029,9028,12829,2.0
@CHEMICAL_Atorvastatin,Atorvastatin,1026,1026,8798,12486,2.0
@CHEMICAL_Clindamycin,Clindamycin,1022,1022,7650,9338,2.0
@CHEMICAL_Progesterone,Progesterone,1010,1010,11290,14475,4.0
@CHEMICAL_Amoxicillin,Amoxicillin,997,997,7566,10554,2.0
@CHEMICAL_Acetaminophen,Acetaminophen,995,995,10842,25266,3.0
@CHEMICAL_Celecoxib,Celecoxib,952,952,6667,9273,2.0
@CHEMICAL_Gabapentin,Gabapentin,948,948,7893,11766,2.0
@CHEMICAL_Clonidine,Clonidine,912,912,8070,11160,2.0
@CHEMICAL_Adalimumab,Adalimumab,893,893,6518,13578,2.0
@CHEMICAL_Allopurinol,Allopurinol,871,871,6711,8800,2.0
@CHEMICAL_Furosemide,Furosemide,862,862,6361,8136,2.0
@CHEMICAL_Diclofenac,Diclofenac,853,853,6632,9858,2.0
@CHEMICAL_Sildenafil_Citrate,Sildenafil,849,849,6258,9419,2.0
@CHEMICAL_Losartan,Losartan,838,838,6027,8942,2.0
@CHEMICAL_Ketoconazole,Ketoconazole,796,796,5025,5505,2.0
@CHEMICAL_Pioglitazone,Pioglitazone,795,795,6139,9594,2.0
@CHEMICAL_Fluoxetine,Fluoxetine,788,788,7714,11872,3.0
@CHEMICAL_Clopidogrel,Clopidogrel,786,786,7881,18810,2.0
@CHEMICAL_Spironolactone,Spironolactone,779,779,5439,7304,2.0
@CHEMICAL_Triiodothyronine,Thyroid,765,765,6956,9729,3.0
@CHEMICAL_Amoxicillin_Potassium_Clavulanate_Combination,Amoxicillin,723,723,4442,5092,2.0
@CHEMICAL_Triamcinolone_Acetonide,Triamcinolone,694,694,4460,5359,2.0
@CHEMICAL_Diltiazem,Diltiazem,691,691,5625,6844,2.0
@CHEMICAL_Levetiracetam,Levetiracetam,686,686,4860,8395,2.0
@CHEMICAL_Triamcinolone,Triamcinolone,682,682,3473,3912,2.0
@CHEMICAL_Amitriptyline,Amitriptyline,660,660,4786,6563,2.0
@CHEMICAL_Topiramate,Topiramate,656,656,5848,8663,2.0
@CHEMICAL_Rivaroxaban,Rivaroxaban,642,642,5861,13220,2.0
@CHEMICAL_Baclofen,Baclofen,620,620,5134,6911,2.0
@CHEMICAL_Pregabalin,Pregabalin,603,603,4861,7954,2.0
@CHEMICAL_Omeprazole,Omeprazole,588,588,4493,7748,2.0
@CHEMICAL_Amlodipine,Amlodipine,582,582,4562,7189,2.0
@CHEMICAL_Metoprolol,Metoprolol,577,577,4752,6322,2.0
@CHEMICAL_Carvedilol,Carvedilol,576,576,4126,5560,2.0
@CHEMICAL_Naproxen,Naproxen,574,574,3661,4734,2.0
@CHEMICAL_montelukast,Montelukast,570,570,2903,4228,2.0
@CHEMICAL_Alendronate,Alendronate,568,568,4090,7737,2.0
@CHEMICAL_Memantine,Memantine,565,565,3931,5632,2.0
@CHEMICAL_Atenolol,Atenolol,538,538,3904,5786,2.0
@CHEMICAL_Lamotrigine,Lamotrigine,531,531,4676,7873,2.0
@CHEMICAL_Sertraline,Sertraline,526,526,3787,5693,2.0
@CHEMICAL_Ondansetron,Ondansetron,520,520,3084,5801,2.0
@CHEMICAL_Methylphenidate,Methylphenidate,514,514,4781,9484,2.0
@CHEMICAL_Tramadol,Tramadol,514,514,4273,6709,2.0
@CHEMICAL_Fenofibrate,Fenofibrate,507,507,3635,4381,2.0
@CHEMICAL_Lovastatin,Lovastatin,503,503,2658,2965,2.0
@CHEMICAL_Rosuvastatin_Calcium,Rosuvastatin,495,495,3999,4582,2.0
@CHEMICAL_Albuterol,Albuterol,480,480,3396,6387,2.0
@CHEMICAL_Meloxicam,Meloxicam,480,480,2126,2557,2.0
@CHEMICAL_apixaban,Apixaban,474,474,3644,8073,2.0
@CHEMICAL_Pravastatin,Pravastatin,461,461,3280,3796,2.0
@CHEMICAL_Quetiapine_Fumarate,Quetiapine,460,460,4576,7100,2.0
@CHEMICAL_Paroxetine,Paroxetine,454,454,3761,5332,3.0
@CHEMICAL_Aripiprazole,Aripiprazole,448,448,4552,7044,2.0
@CHEMICAL_Potassium_Chloride,Potassium Chloride,442,442,2690,2975,2.0
@CHEMICAL_Donepezil,Donepezil,436,436,3039,5637,2.0
@CHEMICAL_Duloxetine_Hydrochloride,Duloxetine,432,432,3439,5317,2.0
@CHEMICAL_Mirtazapine,Mirtazapine,427,427,2619,3283,2.0
@CHEMICAL_Valsartan,Valsartan,418,418,3665,5858,2.0
@CHEMICAL_Valacyclovir,Valacyclovir,418,418,2046,2268,1.0
@CHEMICAL_Hydrochlorothiazide,Hydrochlorothiazide,417,417,3050,5655,2.0
@CHEMICAL_empagliflozin,Empagliflozin,409,409,3461,5558,2.0
@CHEMICAL_Hydralazine,Hydralazine,409,409,2682,3974,2.0
@CHEMICAL_Lorazepam,Lorazepam,407,407,2828,3453,2.0
@CHEMICAL_Citalopram,Citalopram,399,399,2778,3993,2.0
@CHEMICAL_Sulfamethoxazole,Sulfamethoxazole,393,393,1544,1544,1.0
@CHEMICAL_Methylprednisolone_Hemisuccinate,Methylprednisolone,393,393,912,912,1.0
@CHEMICAL_dapagliflozin,Dapagliflozin,391,391,3563,5535,2.0
@CHEMICAL_Venlafaxine_Hydrochloride,Venlafaxine,390,390,3171,4522,2.0
@CHEMICAL_Lisinopril,Lisinopril,390,390,2409,3062,2.0
@CHEMICAL_Escitalopram,Escitalopram,373,373,2217,3765,2.0
@CHEMICAL_Sitagliptin_Phosphate,Sitagliptin,373,373,2222,3651,2.0
@CHEMICAL_Bupropion,Bupropion,363,363,3334,4810,2.0
@CHEMICAL_Oxycodone,Oxycodone,343,343,2645,3952,2.0
@CHEMICAL_Ezetimibe,Ezetimibe,315,315,2598,3400,2.0
@CHEMICAL_Pantoprazole,Pantoprazole,312,312,1791,2003,2.0
@CHEMICAL_Cephalexin,Cephalexin,312,312,1226,1307,1.0
@CHEMICAL_Famotidine,Famotidine,306,306,1549,1656,1.0
@CHEMICAL_Trazodone,Trazodone,303,303,1869,2172,2.0
@CHEMICAL_Irbesartan,Irbesartan,302,302,1844,2270,2.0
@CHEMICAL_Isosorbide_Dinitrate,Isosorbide,299,299,1885,2234,2.0
@CHEMICAL_Buspirone,Buspirone,299,299,1690,1925,2.0
@CHEMICAL_Fluticasone,Fluticasone,297,297,2189,3970,2.0
@CHEMICAL_Alprazolam,Alprazolam,296,296,1652,2088,2.0
@CHEMICAL_Dextroamphetamine,Dextroamphetamine,290,290,1819,2126,2.0
@CHEMICAL_Ethinyl_Estradiol,Estradiol,286,286,1947,2029,2.0
@CHEMICAL_Cetirizine,Cetirizine,279,279,1677,1734,1.0
@CHEMICAL_olmesartan,Olmesartan,270,270,1591,1915,1.0
@CHEMICAL_Methylprednisolone_Acetate,Methylprednisolone,270,270,836,836,1.0
@CHEMICAL_Zolpidem,Zolpidem,268,268,1555,1927,2.0
@CHEMICAL_Levonorgestrel,Levonorgestrel,264,264,2767,3781,2.0
@CHEMICAL_Clobetasol,Clobetasol,264,264,1242,1347,2.0
@CHEMICAL_Ergocalciferols,Ergocalciferol,263,263,1187,1220,2.0
@CHEMICAL_Finasteride,Finasteride,257,257,1826,3262,2.0
@CHEMICAL_resolvin_D1,Aspirin,252,252,781,983,1.0
@CHEMICAL_prednisolone_acetate,Prednisolone,240,240,736,753,1.0
@CHEMICAL_Estriol,Estradiol,238,238,1218,1226,2.0
@CHEMICAL_Esomeprazole,Esomeprazole,237,237,1479,1838,2.0
@CHEMICAL_Hydroxyzine,Hydroxyzine,222,222,795,795,1.0
@CHEMICAL_Nitrofurantoin,Nitrofurantoin,221,221,1294,2017,1.0
@CHEMICAL_Sumatriptan,Sumatriptan,201,201,1359,2927,2.0
@CHEMICAL_Loratadine,Loratadine,199,199,1008,1050,1.0
@CHEMICAL_ferrous_sulfate,Ferrous Sulfate,183,183,748,827,1.0
@CHEMICAL_Testosterone_Propionate,Testosterone,182,182,709,771,2.0
@CHEMICAL_oxybutynin,Oxybutynin,177,177,1265,1666,2.0
@CHEMICAL_sacubitril_and_valsartan_sodium_hydrate_drug_combination,Valsartan,177,177,1204,1657,2.0
@CHEMICAL_Tamsulosin,Tamsulosin,168,168,1842,2753,2.0
@CHEMICAL_tizanidine,Tizanidine,166,166,676,723,1.5
@CHEMICAL_azelastine,Azelastine,163,163,947,980,1.0
@CHEMICAL_Norethindrone,Norethindrone,163,163,537,537,2.0
@CHEMICAL_Formoterol_Fumarate,Formoterol,162,162,899,2376,2.0
@CHEMICAL_isosorbide_5_mononitrate,Isosorbide,157,157,1011,1015,2.0
@CHEMICAL_Thyrotropin,Thyroid,150,150,1544,2144,2.0
@CHEMICAL_estradiol_3_benzoate,Estradiol,140,140,381,381,1.0
@CHEMICAL_Chlorthalidone,Chlorthalidone,135,135,857,1363,2.0
@CHEMICAL_glimepiride,Glimepiride,133,133,749,1315,2.0
@CHEMICAL_Dydrogesterone,Progesterone,128,128,513,513,2.0
@CHEMICAL_Tromethamine,Potassium Chloride,126,126,353,353,1.0
@CHEMICAL_testosterone_undecanoate,Testosterone,113,113,506,522,1.0
@CHEMICAL_17_alpha_Hydroxyprogesterone_Caproate,Progesterone,109,109,420,577,1.0
@CHEMICAL_Norethindrone_Acetate,Norethindrone,108,108,509,509,2.0
@CHEMICAL_acetylsalicylic_acid_lysinate,Aspirin,107,107,326,326,1.0
@CHEMICAL_testosterone_enanthate,Testosterone,103,103,358,358,1.0
@CHEMICAL_Hydrocodone,Hydrocodone,101,101,502,600,1.0
@CHEMICAL_Olmesartan_Medoxomil,Olmesartan,101,101,375,469,1.0
@CHEMICAL_Meclizine,Meclizine,99,99,218,218,1.0
@CHEMICAL_Insulin_Glargine,Insulin Glargine,98,98,858,1895,1.5
@CHEMICAL_Triamterene,Triamterene,95,95,394,394,1.0
@CHEMICAL_Lisdexamfetamine_Dimesylate,Lisdexamfetamine,91,91,643,855,2.0
@CHEMICAL_levocetirizine,Cetirizine,91,91,609,622,2.0
@CHEMICAL_clindamycin_phosphate,Clindamycin,91,91,294,336,1.0
@CHEMICAL_Methyltestosterone,Testosterone,90,90,220,220,1.0
@CHEMICAL_perfluorooctanoic_acid,Potassium Chloride,85,85,808,808,4.0
@CHEMICAL_Glipizide,Glipizide,85,85,494,674,1.0
@CHEMICAL_cyclobenzaprine,Cyclobenzaprine,83,83,278,278,1.0
@CHEMICAL_Isosorbide,Isosorbide,78,78,148,148,1.0
@CHEMICAL_Methocarbamol,Methocarbamol,75,75,168,168,1.0
@CHEMICAL_triamcinolone_hexacetonide,Triamcinolone,74,74,289,289,1.0
@CHEMICAL_nitroaspirin,Aspirin,69,69,152,152,1.0
@CHEMICAL_prednisolone_phosphate,Prednisolone,60,60,134,134,1.0
@CHEMICAL_fluticasone_furoate,Fluticasone,59,59,457,584,1.0
@CHEMICAL_Triiodothyronine_Reverse,Thyroid,54,54,209,209,2.0
@CHEMICAL_Mestranol,Ethinyl Estradiol,52,52,89,89,1.0
@CHEMICAL_Insulin_Lispro,Insulin Lispro,49,49,514,645,2.0
@CHEMICAL_naproxen_n_butyl_nitrate,Naproxen,45,45,113,113,1.0
@CHEMICAL_methylprednisolone_aceponate,Methylprednisolone,44,44,98,98,1.0
@CHEMICAL_2_oxindole,Diclofenac,44,44,78,78,1.0
@CHEMICAL_Ezetimibe_Simvastatin_Drug_Combination,Simvastatin,43,43,183,183,1.0
@CHEMICAL_Insulin_Aspart,Insulin Aspart,40,40,419,561,1.0
@CHEMICAL_Valproic_acid_antenatal_infection,Valproate,39,39,63,63,1.0
@CHEMICAL_testosterone_17_beta_cypionate,Testosterone,39,39,63,63,1.0
@CHEMICAL_norgestimate,Norgestimate,38,38,125,125,2.0
@CHEMICAL_Dextrothyroxine,Thyroid,36,36,84,84,1.5
@CHEMICAL_diclofenac_hydroxyethylpyrrolidine,Diclofenac,35,35,123,123,1.0
@CHEMICAL_Dioctyl_Sulfosuccinic_Acid,Docusate,34,34,91,91,1.0
@CHEMICAL_losartan_carboxylic_acid,Losartan,33,33,63,63,1.0
@CHEMICAL_prednisolone_hemisuccinate,Prednisolone,33,33,47,47,1.0
@CHEMICAL_drospirenone_and_ethinyl_estradiol_combination,Ethinyl Estradiol,31,31,63,63,1.0
@CHEMICAL_vilanterol,Vilanterol,30,30,262,465,1.0
@CHEMICAL_Cyproterone_acetate_ethinyl_estradiol_drug_combination,Ethinyl Estradiol,30,30,153,153,1.5
@CHEMICAL_2_5_dimethylcelecoxib,Celecoxib,30,30,66,66,1.0
@CHEMICAL_aspirin_eugenol_ester,Aspirin,29,29,85,85,1.0
@CHEMICAL_Budesonide_Formoterol_Fumarate_Drug_Combination,Formoterol,28,28,185,248,1.0
@CHEMICAL_ibuprofen_arginine,Ibuprofen,27,27,48,48,1.0
@CHEMICAL_prednicarbate,Prednisolone,22,22,84,84,1.0
@CHEMICAL_Ethinyl_Estradiol_Norgestrel_Combination,Ethinyl Estradiol,22,22,39,39,1.0
@CHEMICAL_estradiol_17_beta_cypionate,Estradiol,22,22,29,29,1.0
@CHEMICAL_norethindrone_enanthate,Norethindrone,21,21,53,53,1.0
@CHEMICAL_Quinestrol,Ethinyl Estradiol,20,20,34,34,1.0
@CHEMICAL_Fluticasone_Salmeterol_Drug_Combination,Fluticasone,19,19,213,217,1.0
@CHEMICAL_hydrochlorothiazide_triamterene,Hydrochlorothiazide,19,19,53,53,1.0
@CHEMICAL_triamcinolone_diacetate,Triamcinolone,19,19,27,27,1.0
@CHEMICAL_isosorbide_hydralazine_combination,Hydralazine,17,17,72,72,1.0
@CHEMICAL_Aspirin_Dipyridamole_Drug_Combination,Aspirin,17,17,40,40,1.0
@CHEMICAL_oxycodone_acetaminophen,Oxycodone,17,17,37,37,1.0
@CHEMICAL_7_hydroxymethotrexate,Methotrexate,16,16,36,36,1.0
@CHEMICAL_acetaminophen_hydrocodone_drug_combination,Hydrocodone,16,16,31,31,1.0
@CHEMICAL_acetaminophen_codeine_drug_combination,Acetaminophen,16,16,26,26,1.0
@CHEMICAL_norgestimate_ethinyl_estradiol_drug_combination,Norgestimate,16,16,20,20,1.0
@CHEMICAL_Technetium_Tc_99m_ciprofloxacin,Ciprofloxacin,15,15,53,53,2.0
@CHEMICAL_diclofenac_diethylamine,Diclofenac,15,15,43,43,1.0
@CHEMICAL_6_methylprednisolone_21_hemisuberate_N_N_N'_triethylenediamine_amide,Methylprednisolone,15,15,18,18,1.0
@CHEMICAL_amiloride_hydrochlorothiazide_drug_combination,Hydrochlorothiazide,14,14,51,51,1.0
@CHEMICAL_acetaminophen_dextropropoxyphene_drug_combination,Acetaminophen,13,13,51,51,2.0
@CHEMICAL_hydrochlorothiazide_losartan_drug_combination,Losartan,13,13,36,36,1.0
@CHEMICAL_sumatriptan_naproxen,Naproxen,13,13,28,28,1.0
@CHEMICAL_alclometasone_dipropionate,Methylprednisolone,13,13,27,27,2.0
@CHEMICAL_methylprednisolone_suleptanate,Methylprednisolone,13,13,17,17,1.0
@CHEMICAL_aripiprazole_lauroxil,Aripiprazole,12,12,66,66,1.0
@CHEMICAL_solufenum,Ibuprofen,12,12,39,39,1.0
@CHEMICAL_amcinonide,Triamcinolone,11,11,19,19,1.0
@CHEMICAL_norelgestromin,Levonorgestrel,11,11,17,17,1.0
@CHEMICAL_isosorbide_2_mononitrate,Isosorbide,11,11,16,16,1.0
@CHEMICAL_prednisolone_tebutate,Prednisolone,11,11,14,14,1.0
@CHEMICAL_ethinyl_estradiol_levonorgestrel_drug_combination,Ethinyl Estradiol,11,11,12,12,1.0
@CHEMICAL_diclofenac_etalhyaluronate,Diclofenac,10,10,36,36,2.0
@CHEMICAL_clindamycin_phosphate_benzoyl_peroxide_combination,Clindamycin,10,10,22,22,1.5
@CHEMICAL_estradiol_dipropionate,Estradiol,10,10,22,22,1.0
@CHEMICAL_rosiglitazone_metformin_combination,Metformin,10,10,15,15,1.0
@CHEMICAL_acetaminophen_sulfate_ester,Acetaminophen,10,10,14,14,1.0
@CHEMICAL_2_5_dimethylisosorbide,Isosorbide,10,10,11,11,1.0
@CHEMICAL_norethindrone_acetate_ethinyl_estradiol_ferrous_fumarate_drug_combination,Norethindrone,10,10,11,11,1.0
@CHEMICAL_Amlodipine_Valsartan_Drug_Combination,Amlodipine,9,9,41,41,1.0
@CHEMICAL_amitriptyline_N_oxide,Amitriptyline,9,9,19,19,1.0
@CHEMICAL_estradiol_17_beta_benzoate,Estradiol,9,9,9,9,1.0
@CHEMICAL_insulin_degludec_insulin_aspart_drug_combination,Insulin Aspart,8,8,97,97,5.0
@CHEMICAL_estradiol_norethindrone_drug_combination,Norethindrone,8,8,18,18,1.5
@CHEMICAL_ascorbic_acid_magnesium_sulfate_heptahydrate_cyanocobalamin_thiamine_hydrochloride_riboflavin_5'_phosphate_niacinamide_pyridoxine_hydrochloride_and_calcium_D_pantothenate_drug_combination,Cyanocobalamin,8,8,12,12,1.0
@CHEMICAL_prednisolone_21_3_sulfobenzoate,Prednisolone,8,8,12,12,1.0
@CHEMICAL_gabapentin_lactam,Gabapentin,8,8,11,11,1.0
@CHEMICAL_methylprednisolone_sodium_phosphate,Methylprednisolone,8,8,8,8,1.0
@CHEMICAL_budesonide_glycopyrrolate_formoterol_fumarate_drug_combination,Formoterol,7,7,21,21,1.0
@CHEMICAL_amlodipine_atorvastatin_drug_combination,Atorvastatin,7,7,15,15,1.0
@CHEMICAL_clindamycin_palmitate,Clindamycin,7,7,7,7,1.0
@CHEMICAL_bupropion_hydrochloride_naltrexone_hydrochoride_drug_combination,Bupropion,6,6,24,24,1.0
@CHEMICAL_ibuprofen_dimethyl_aminoethanol_octyl,Ibuprofen,6,6,20,20,2.5
@CHEMICAL_aspirin_butalbital_and_caffeine_drug_combination,Aspirin,6,6,13,13,1.0
@CHEMICAL_omeprazole_sodium_bicarbonate_drug_combination,Omeprazole,6,6,10,10,1.5
@CHEMICAL_spironolactone_althiazide_drug_combination,Spironolactone,6,6,10,10,1.0
@CHEMICAL_allopurinol_riboside,Allopurinol,6,6,8,8,1.0
@CHEMICAL_O_demethyltramadol,Tramadol,6,6,7,7,1.0
@CHEMICAL_methotrexate_polyglutamate,Methotrexate,5,5,21,21,3.0
@CHEMICAL_clindamycin_tretinoin_drug_combination,Clindamycin,5,5,16,16,1.0
@CHEMICAL_oxycodone_naltrexone_combination,Oxycodone,5,5,12,12,2.0
@CHEMICAL_oxycodone_naloxone_combination,Oxycodone,5,5,10,10,1.0
@CHEMICAL_clonidine_displacing_substance,Clonidine,5,5,8,8,2.0
@CHEMICAL_acyclovir_monophosphate,Acyclovir,5,5,7,7,1.0
@CHEMICAL_prednisolone_farnesylate,Prednisolone,5,5,7,7,1.0
@CHEMICAL_testosterone_decanoate,Testosterone,5,5,5,5,1.0
@CHEMICAL_val_valacyclovir,Valacyclovir,5,5,5,5,1.0
@CHEMICAL_BL_11,Lisinopril,5,5,4,4,1.0
@CHEMICAL_calcium_hydroxide_calcium_chloride_potassium_chloride_sodium_bicarbonate_sodium_chloride_drug_combination,Potassium Chloride,5,5,0,0,0.0
@CHEMICAL_aspirin_4_hydroxybenzoic_acid_propyl_ester_drug_combination,Aspirin,4,4,10,10,2.5
@CHEMICAL_2_propyl_2_pentenoic_acid,Valproate,4,4,9,9,2.0
@CHEMICAL_ethinyl_estradiol_sulfonate,Ethinyl Estradiol,4,4,9,9,2.0
@CHEMICAL_olanzapine_fluoxetine_combination,Fluoxetine,4,4,9,9,2.0
@CHEMICAL_captopril_hydrochlorothiazide_drug_combination,Hydrochlorothiazide,4,4,8,8,1.0
@CHEMICAL_acyclovir_diphosphate_dimyristoylglycerol,Acyclovir,4,4,6,6,1.0
@CHEMICAL_acyclovir_triphosphate,Acyclovir,4,4,6,6,1.0
@CHEMICAL_allopurinol_benzbromarone_drug_combination,Allopurinol,4,4,6,6,1.0
@CHEMICAL_Albuterol_Ipratropium_Drug_Combination,Albuterol,4,4,5,5,1.0
@CHEMICAL_amlodipine_nicotinate,Amlodipine,4,4,5,5,1.0
@CHEMICAL_aspirin_phosphatidylcholine,Aspirin,4,4,5,5,1.0
@CHEMICAL_chloramine_B,Potassium Chloride,4,4,4,4,1.0
@CHEMICAL_segesterone_acetate_and_ethinyl_estradiol_vaginal_system,Ethinyl Estradiol,4,4,4,4,1.0
@CHEMICAL_amitriptyline_chlordiazepoxide_drug_combination,Amitriptyline,3,3,14,14,4.0
@CHEMICAL_fluticasone_formoterol,Fluticasone,3,3,11,11,1.0
@CHEMICAL_Glucovance,Metformin,3,3,10,10,1.0
@CHEMICAL_dehydroaripiprazole,Aripiprazole,3,3,9,9,4.0
@CHEMICAL_ferroglycine_sulfate,Ferrous Sulfate,3,3,7,7,2.0
@CHEMICAL_sulfamethoxazole_hydroxylamine,Sulfamethoxazole,3,3,7,7,1.0
@CHEMICAL_Ro_25_6760,Cholecalciferol,3,3,6,6,2.0
@CHEMICAL_Sitagliptin_Phosphate_Metformin_Hydrochloride_Drug_Combination,Metformin,3,3,6,6,1.0
@CHEMICAL_fluticasone_furoate_vilanterol_trifenatate,Fluticasone,3,3,6,6,2.0
@CHEMICAL_bupivacaine_meloxicam_drug_combination,Meloxicam,3,3,5,5,2.0
@CHEMICAL_2_oxo_clopidogrel,Clopidogrel,3,3,4,4,1.0
@CHEMICAL_acetaminophen_aspirin_caffeine_drug_combination,Acetaminophen,3,3,4,4,1.0
@CHEMICAL_ammonium_ferrous_sulfate,Ferrous Sulfate,3,3,4,4,1.0
@CHEMICAL_hydrocodone_tartrate_ibuprofen_drug_combination,Hydrocodone,3,3,4,4,1.0
@CHEMICAL_telmisartan_amlodipine_combination,Amlodipine,3,3,4,4,1.0
@CHEMICAL_telmisartan_hydrochlorothiazide_drug_combination,Hydrochlorothiazide,3,3,4,4,1.0
@CHEMICAL_3_methylgabapentin,Gabapentin,3,3,3,3,1.0
@CHEMICAL_N_methylduloxetine,Duloxetine,3,3,3,3,1.0
@CHEMICAL_acetaminophen_butalbital_caffeine_drug_combination,Acetaminophen,3,3,3,3,1.0
@CHEMICAL_bisoprolol_hydrochlorothiazide_drug_combination,Hydrochlorothiazide,3,3,3,3,1.0
@CHEMICAL_chlorobutanol_methylprednisolone_neomycin_drug_combination,Methylprednisolone,3,3,3,3,1.0
@CHEMICAL_clopidogrel_resinate,Clopidogrel,3,3,3,3,1.0
@CHEMICAL_doxycycline_polyphosphate,Doxycycline,3,3,3,3,1.0
@CHEMICAL_fluoresceinated_methotrexate,Methotrexate,3,3,3,3,1.0
@CHEMICAL_hydroxybupropion,Bupropion,3,3,3,3,1.0
@CHEMICAL_levonorgestrel_butanoate,Levonorgestrel,3,3,3,3,1.0
@CHEMICAL_pivcephalexin,Cephalexin,3,3,3,3,1.0
@CHEMICAL_prednisolone_21_stearoylglycolate,Prednisolone,3,3,3,3,1.0
@CHEMICAL_simvastatin_acid,Simvastatin,3,3,3,3,1.0
@CHEMICAL_testosterone_glucuronate,Testosterone,3,3,3,3,1.0
@CHEMICAL_LY2963016_insulin_glargine,Insulin Glargine,2,2,8,8,4.0
@CHEMICAL_dihydralazine___hydrochlorothiazide___reserpine_drug_combination,Hydrochlorothiazide,2,2,6,6,3.0
@CHEMICAL_bemetizide_bupranolol_triamterene_drug_combination,Triamterene,2,2,5,5,2.5
@CHEMICAL_methotrexate_gamma_aspartate,Methotrexate,2,2,4,4,2.0
@CHEMICAL_Aspirin_oxycodone_hydrochloride_oxycodone_terephthalate_combination,Aspirin,2,2,3,3,1.5
@CHEMICAL_Metharmon_F,Thyroid,2,2,3,3,1.5
@CHEMICAL_Ro_26_9228,Cholecalciferol,2,2,3,3,1.5
@CHEMICAL_dimethylenexylitol_valproate,Valproate,2,2,3,3,1.5
@CHEMICAL_ibuprofen_N_octyl_pyridostigmine,Ibuprofen,2,2,3,3,1.5
@CHEMICAL_lovastatin_niacin_combination,Lovastatin,2,2,3,3,1.5
@CHEMICAL_methotrexate_alpha_phenylalanine,Methotrexate,2,2,3,3,1.5
@CHEMICAL_oxycodone_hydrochloride_ibuprofen_drug_combination,Oxycodone,2,2,3,3,1.5
@CHEMICAL_1_testosterone,Testosterone,2,2,2,2,1.0
@CHEMICAL_5_FdU_alendronate,Alendronate,2,2,2,2,1.0
@CHEMICAL_Amlodipine_Besylate_Olmesartan_Medoxomil_Drug_Combination,Amlodipine,2,2,2,2,1.0
@CHEMICAL_N_succinylaspart_1_yl_celecoxib,Celecoxib,2,2,2,2,1.0
@CHEMICAL_N_succinylglutam_1_yl_celecoxib,Celecoxib,2,2,2,2,1.0
@CHEMICAL_TP_113,Metformin,2,2,2,2,1.0
@CHEMICAL_amlodipine_perindopril_drug_combination,Amlodipine,2,2,2,2,1.0
@CHEMICAL_amoxicillin_ascorbic_acid_niacinamide_riboflavin_thiamine_drug_combination,Amoxicillin,2,2,2,2,1.0
@CHEMICAL_bemetizide_triamterene_drug_combination,Triamterene,2,2,2,2,1.0
@CHEMICAL_bupranolol_spironolactone_drug_combination,Spironolactone,2,2,2,2,1.0
@CHEMICAL_buthiazide_spironolactone_drug_combination,Hydrochlorothiazide,2,2,2,2,1.0
@CHEMICAL_clobetasol_17_butyrate,Clobetasol,2,2,2,2,1.0
@CHEMICAL_glucose_valproate,Valproate,2,2,2,2,1.0
@CHEMICAL_omeprazole_sulfide,Omeprazole,2,2,2,2,1.0
@CHEMICAL_tramadol_dexketoprofen_drug_combination,Tramadol,2,2,2,2,1.0
@CHEMICAL_triamcinolone_benetonide,Triamcinolone,2,2,2,2,1.0
@CHEMICAL_vitamin_D3_sulfoconjugate,Cholecalciferol,2,2,2,2,1.0
@CHEMICAL_butaphosphan_cyanocobalamin_drug_combination,Cyanocobalamin,2,2,1,1,0.5
@CHEMICAL_estradiol_17_beta_glucuronide,Estradiol,1,1,34,34,34.0
@CHEMICAL_Epitestosterone,Testosterone,1,1,3,3,3.0
@CHEMICAL_cyclothiazide_triamterene_drug_combination,Triamterene,1,1,2,2,2.0
@CHEMICAL_hydralazine_4_anisaldehyde_hydrazone,Hydralazine,1,1,2,2,2.0
@CHEMICAL_hydralazine_acetone_hydrazone,Hydralazine,1,1,2,2,2.0
@CHEMICAL_11_ketoprogesterone,Progesterone,1,1,1,1,1.0
@CHEMICAL_16_dehydroprogesterone,Progesterone,1,1,1,1,1.0
@CHEMICAL_1_O_hexadecylpropanediol_3_phosphoacyclovir,Acyclovir,1,1,1,1,1.0
@CHEMICAL_1_O_octadecyl_sn_glycero_3_phospho_acyclovir,Acyclovir,1,1,1,1,1.0
@CHEMICAL_2_6_dimethylclonidine,Clonidine,1,1,1,1,1.0
@CHEMICAL_2_hydroxyatorvastatin,Atorvastatin,1,1,1,1,1.0
@CHEMICAL_4'_hydroxydiclofenac,Diclofenac,1,1,1,1,1.0
@CHEMICAL_6_O_desmethyl_donepezil,Donepezil,1,1,1,1,1.0
@CHEMICAL_99mTc_CPFXDTC,Ciprofloxacin,1,1,1,1,1.0
@CHEMICAL_N_desmethylvenlafaxine,Venlafaxine,1,1,1,1,1.0
@CHEMICAL_N_phenylethyl_amitriptyline,Amitriptyline,1,1,1,1,1.0
@CHEMICAL_acetaminophen_glucuronide,Acetaminophen,1,1,1,1,1.0
@CHEMICAL_amlodipine_losartan_drug_combination,Amlodipine,1,1,1,1,1.0
@CHEMICAL_atenolol_chlortalidone_drug_combinations,Atenolol,1,1,1,1,1.0
@CHEMICAL_chlorthalidone_dihydroergocristine_mesilate_metipranolol_drug_combination,Chlorthalidone,1,1,1,1,1.0
@CHEMICAL_clonidine_chlorthalidone_drug_combination,Clonidine,1,1,1,1,1.0
@CHEMICAL_cyanocobalamin_pyridoxine_thiamine_drug_combination,Cyanocobalamin,1,1,1,1,1.0
@CHEMICAL_desmethylcitalopram,Escitalopram,1,1,1,1,1.0
@CHEMICAL_donepezil_N_oxide,Donepezil,1,1,1,1,1.0
@CHEMICAL_furosemide_glucuronide,Furosemide,1,1,1,1,1.0
@CHEMICAL_hydrochlorothiazide_lisinopril_drug_combination,Lisinopril,1,1,1,1,1.0
@CHEMICAL_ibuprofen_acyl_glucuronide,Ibuprofen,1,1,1,1,1.0
@CHEMICAL_ibuprofen_piconol,Ibuprofen,1,1,1,1,1.0
@CHEMICAL_isosorbide_diaspirinate,Isosorbide,1,1,1,1,1.0
@CHEMICAL_lipoyl_memantine,Memantine,1,1,1,1,1.0
@CHEMICAL_methotrexate_alpha_alanine,Methotrexate,1,1,1,1,1.0
@CHEMICAL_methotrexate_gamma_1_2_dimyristoylphosphatidylethanolamine,Methotrexate,1,1,1,1,1.0
@CHEMICAL_nifedipine_co_dergocrine_combination,Nifedipine,1,1,1,1,1.0
@CHEMICAL_oxycodone_terephthalate,Oxycodone,1,1,1,1,1.0
@CHEMICAL_propranolol_CR,Propranolol,1,1,1,1,1.0
@CHEMICAL_propranolol_mustard,Propranolol,1,1,1,1,1.0
@CHEMICAL_rosuvastatin_lactone,Rosuvastatin,1,1,1,1,1.0
@CHEMICAL_simvastatin_hydroxyacid,Simvastatin,1,1,1,1,1.0
@CHEMICAL_triamcinolone_acetonide_21_palmitate,Triamcinolone,1,1,1,1,1.0
